"","brand","year","mileage","engine_size","automatic_transmission","fuel","drivetrain","min_mpg","max_mpg","damaged","first_owner","navigation_system","bluetooth","third_row_seating","heated_seats","price"
"1","Mitsubishi",2021,13366,2.4,"1","Hybrid","Four-wheel Drive",28,32,"0","1","0","1","0","1",26177
"2","Land",2019,62756,2,"1","Petrol","Four-wheel Drive",20,28,"0","0","0","1","0","0",26900
"3","Toyota",2013,57779,4,"1","Petrol","Four-wheel Drive",17,20,"0","1","0","1","0","0",40000
"4","Jaguar",2016,45462,5,"1","Petrol","Four-wheel Drive",22,27,"0","0","1","1","0","1",46489
"5","MINI",2020,28464,2,"1","Petrol","Front-wheel Drive",26,34,"1","1","0","1","0","0",24498
"6","Cadillac",2021,7384,3,"1","Petrol","Four-wheel Drive",20,30,"0","0","1","1","0","0",54500
"7","Cadillac",2004,40192,4.6,"1","Petrol","Rear-wheel Drive",18,21,"0","0","1","0","0","1",24979
"8","Honda",2010,104506,2.4,"1","Petrol","Four-wheel Drive",21,27,"0","1","1","1","0","1",13295
"9","Nissan",2023,8119,3.5,"1","Petrol","Four-wheel Drive",22,26,"0","1","0","0","1","1",41883
"10","Land",2015,52000,5,"1","Petrol","Four-wheel Drive",19,24,"0","0","1","1","0","0",39997
"11","BMW",2013,88135,2,"1","Petrol","Rear-wheel Drive",14,24,"0","0","1","1","0","1",14898
"12","Land",2018,13161,3,"1","Petrol","Four-wheel Drive",21,25,"0","0","1","1","0","0",47258
"13","Nissan",2023,3421,1.5,"1","Petrol","Front-wheel Drive",31,34,"0","1","0","1","0","0",27487
"14","Cadillac",2020,29770,3.6,"1","Petrol","Front-wheel Drive",18,26,"0","1","1","1","1","0",40729
"15","Toyota",2013,93381,1.8,"1","Hybrid","Front-wheel Drive",48,51,"1","0","1","1","0","0",13971
"16","Chevrolet",2014,102007,6.6,"1","Diesel","Four-wheel Drive",15,17,"0","0","0","0","0","0",25900
"17","Hyundai",2021,39665,2.5,"1","Petrol","Front-wheel Drive",20,30,"0","1","1","1","0","1",36995
"18","Kia",2022,5195,2.5,"1","Petrol","Four-wheel Drive",19,28,"0","1","1","1","1","1",43968
"19","MINI",2017,127379,2,"0","Petrol","Four-wheel Drive",28,37,"0","1","0","1","0","0",13900
"20","Mazda",2015,31919,2,"1","Petrol","Rear-wheel Drive",20,26,"1","0","0","0","0","0",20980
"21","Jeep",2021,22710,3.6,"1","Petrol","Four-wheel Drive",13,18,"0","1","0","1","0","0",43990
"22","Lexus",2019,33503,2.5,"1","Hybrid","Front-wheel Drive",38,41,"0","1","0","1","0","0",39588
"23","Honda",2016,17446,2.4,"1","Petrol","Front-wheel Drive",26,33,"0","0","1","1","0","1",24628
"24","Hyundai",2015,102538,3.3,"1","Petrol","Four-wheel Drive",27,34,"0","0","1","1","1","1",14995
"25","Chevrolet",2018,191907,5.3,"1","GPL","Four-wheel Drive",15,22,"0","1","0","1","1","0",17995
"26","Lexus",2014,117598,2.5,"1","Petrol","Four-wheel Drive",15,19,"1","0","0","1","0","1",21995
"27","Mitsubishi",2009,136046,3.8,"0","Petrol","Front-wheel Drive",24,29,"1","0","0","0","0","0",5995
"28","Jeep",2021,18730,2,"1","Hybrid","Four-wheel Drive",22,31,"0","1","1","1","0","1",49642
"29","FIAT",2017,48774,2.4,"1","Petrol","Front-wheel Drive",25,33,"0","0","0","1","0","0",16998
"30","Land",2017,45015,3,"1","Diesel","Four-wheel Drive",14,19,"0","0","1","1","0","1",33800
"31","MINI",2014,98882,1.6,"1","Petrol","Front-wheel Drive",23,32,"1","0","0","1","0","0",11600
"32","Alfa",2020,31025,2,"1","Petrol","Four-wheel Drive",22,28,"0","1","0","1","0","0",35790
"33","BMW",2013,105550,3,"1","Petrol","Four-wheel Drive",21,30,"0","1","1","1","0","1",14588
"34","Audi",2019,41484,3,"1","Petrol","Four-wheel Drive",19,27,"0","1","1","1","0","0",44299
"35","Jaguar",2011,85000,5,"0","Petrol","Rear-wheel Drive",21,28,"0","0","1","1","0","1",18100
"36","MINI",2009,77003,1.6,"1","Petrol","Front-wheel Drive",29,40,"1","1","0","0","0","0",8500
"37","Alfa",2020,25607,2,"1","Petrol","Rear-wheel Drive",17,23,"0","1","0","1","0","0",30880
"38","Mercedes-Benz",2020,38111,2,"1","Petrol","Four-wheel Drive",22,32,"1","1","1","1","0","0",33488
"39","Maserati",2016,16517,4.7,"1","Petrol","Rear-wheel Drive",13,20,"0","0","1","1","0","1",45990
"40","Toyota",2017,74034,3.5,"1","Petrol","Four-wheel Drive",18,24,"1","1","0","1","1","0",27999
"41","Toyota",2011,86449,4,"1","Petrol","Four-wheel Drive",17,21,"0","0","0","1","0","0",25523
"42","Audi",2020,31382,2,"1","Petrol","Four-wheel Drive",22,30,"0","1","1","1","0","1",33887
"43","Lexus",2013,77531,3.5,"1","Petrol","Four-wheel Drive",28,36,"0","0","1","1","0","1",19995
"44","Alfa",2022,7575,2,"1","Petrol","Four-wheel Drive",22,28,"0","1","1","1","0","1",40990
"45","Alfa",2022,14432,2,"1","Petrol","Four-wheel Drive",23,31,"0","1","1","1","0","0",34995
"46","Ford",2020,28071,2,"1","Petrol","Four-wheel Drive",26,31,"0","0","1","1","0","1",27500
"47","Volkswagen",2019,27922,2,"1","Petrol","Four-wheel Drive",17,23,"0","1","1","1","0","1",41288
"48","Toyota",2013,113999,3.5,"1","Petrol","Front-wheel Drive",21,31,"1","1","1","1","0","1",15484
"49","Kia",2023,5319,3.8,"1","Petrol","Four-wheel Drive",27,31,"1","1","1","0","1","1",53750
"50","MINI",2016,54901,2,"1","Petrol","Front-wheel Drive",28,38,"0","1","0","1","0","1",18997
"51","Volkswagen",2020,19148,2,"1","Petrol","Front-wheel Drive",22,25,"1","1","0","1","0","1",31495
"52","Toyota",2012,73512,2.5,"1","Petrol","Front-wheel Drive",25,35,"0","0","0","1","0","0",15490
"53","Audi",2016,35949,4,"1","Petrol","Four-wheel Drive",21,28,"0","0","1","1","0","1",53988
"54","Kia",2022,30680,1.6,"1","Hybrid","Four-wheel Drive",26,31,"0","1","1","1","1","1",39995
"55","Chevrolet",2021,57542,5.3,"1","Petrol","Four-wheel Drive",16,20,"0","1","1","1","1","1",54000
"56","Audi",2019,40768,3,"1","Petrol","Four-wheel Drive",21,30,"1","1","1","1","0","1",41424
"57","Maserati",2017,57174,3,"1","Petrol","Four-wheel Drive",16,22,"0","0","1","1","0","1",27977
"58","Hyundai",2016,114000,1.6,"0","Petrol","Front-wheel Drive",26,34,"0","1","0","0","0","0",8550
"59","Land",2019,58762,3,"1","Petrol","Four-wheel Drive",16,21,"0","0","1","1","0","0",47998
"60","Land",2017,27443,2,"1","Petrol","Four-wheel Drive",19,24,"1","0","1","1","0","0",31990
"61","Cadillac",2015,144875,6.2,"1","Petrol","Four-wheel Drive",17,24,"1","0","1","1","1","0",28000
"62","BMW",2018,49045,3,"1","Petrol","Rear-wheel Drive",21,30,"0","0","1","1","0","1",33999
"63","FIAT",2015,80505,1.4,"1","Petrol","Front-wheel Drive",22,30,"0","0","0","1","0","1",11987
"64","Honda",2021,35102,3.5,"1","Petrol","Four-wheel Drive",19,24,"0","1","0","1","0","1",32372
"65","Toyota",2013,26090,1.8,"0","Petrol","Front-wheel Drive",27,34,"1","0","0","0","0","0",15393
"66","MINI",2019,23744,1.5,"1","Petrol","Front-wheel Drive",24,33,"0","1","0","1","0","0",26499
"67","MINI",2019,51232,1.5,"1","Petrol","Front-wheel Drive",28,34,"0","0","0","1","0","0",20795
"68","Jeep",2016,82398,3.6,"1","Petrol","Four-wheel Drive",19,24,"1","0","1","1","0","1",19977
"69","Audi",2018,76074,3,"1","Petrol","Four-wheel Drive",21,30,"0","0","1","1","0","1",28495
"70","Toyota",2018,53971,4,"1","Petrol","Four-wheel Drive",17,20,"0","0","1","1","0","1",36980
"71","Suzuki",2012,138248,2,"1","Petrol","Four-wheel Drive",15,22,"0","1","1","0","0","1",7488
"72","Kia",2022,15651,1.6,"1","Hybrid","Four-wheel Drive",18,24,"0","1","1","1","1","0",46407
"73","Lexus",2015,63632,4.6,"1","Petrol","Four-wheel Drive",15,19,"0","0","1","1","0","0",32990
"74","MINI",2022,2116,2,"1","Electric","Front-wheel Drive",23,32,"0","1","1","1","0","1",29296
"75","Jeep",2013,117708,3.6,"0","Petrol","Four-wheel Drive",24,31,"0","0","0","0","0","0",21900
"76","Jeep",2023,2080,3.6,"1","Petrol","Rear-wheel Drive",15,21,"0","1","0","0","1","1",44000
"77","Jaguar",2019,23574,5,"1","Petrol","Rear-wheel Drive",22,27,"0","1","1","1","0","0",37998
"78","Mazda",2006,81102,3,"1","Petrol","Front-wheel Drive",24,30,"0","1","0","0","1","0",8995
"79","Kia",2022,3156,2.5,"1","Petrol","Front-wheel Drive",22,29,"0","1","1","1","1","1",35954
"80","Jeep",2022,5525,3.6,"1","Petrol","Four-wheel Drive",18,25,"0","1","1","1","1","1",49999
"81","Alfa",2019,44266,2,"1","Petrol","Four-wheel Drive",23,31,"0","1","0","1","0","0",28519
"82","Nissan",2022,20863,5.6,"1","Petrol","Rear-wheel Drive",27,35,"0","1","1","1","1","0",43991
"83","Mercedes-Benz",2014,79279,4.7,"1","Petrol","Four-wheel Drive",21,28,"0","0","1","1","1","0",22349
"84","Audi",2020,48813,2,"1","Petrol","Four-wheel Drive",19,27,"0","1","0","1","0","1",30991
"85","Jeep",2017,55377,2.4,"1","Petrol","Front-wheel Drive",23,30,"1","0","1","1","0","0",19994
"86","Nissan",2014,63895,4,"1","Petrol","Four-wheel Drive",24,26,"0","0","0","1","0","0",21995
"87","Cadillac",2019,24702,2,"1","Petrol","Four-wheel Drive",14,18,"0","0","0","1","0","0",34114
"88","Volkswagen",2023,2231,2,"1","Petrol","Four-wheel Drive",25,32,"0","1","0","0","0","1",36495
"89","Audi",2017,97537,2,"1","GPL","Four-wheel Drive",23,28,"1","1","1","1","0","1",23496
"90","Volkswagen",2020,39527,2,"1","Petrol","Front-wheel Drive",20,24,"0","0","0","1","0","1",23434
"91","Nissan",2017,44678,3.5,"1","Petrol","Front-wheel Drive",25,32,"0","1","1","1","0","1",24990
"92","Lexus",2017,70842,3.5,"1","Petrol","Rear-wheel Drive",15,25,"0","0","0","1","0","0",32998
"93","MINI",2015,117482,2,"0","Petrol","Front-wheel Drive",29,37,"0","0","0","1","0","0",10990
"94","Jaguar",2020,12378,2,"1","Petrol","Four-wheel Drive",16,22,"0","1","1","1","0","1",43491
"95","Cadillac",2017,75993,2,"1","Petrol","Four-wheel Drive",14,19,"0","0","0","1","0","0",17552
"96","Mazda",2015,116772,2.5,"1","Petrol","Front-wheel Drive",22,35,"0","0","0","1","0","0",13975
"97","Alfa",2019,19371,2,"1","Petrol","Four-wheel Drive",22,28,"0","0","0","1","0","0",31362
"98","Chevrolet",2021,27170,1.3,"1","Petrol","Four-wheel Drive",26,30,"0","1","0","1","0","1",26495
"99","Volkswagen",2020,22253,3.6,"1","Petrol","Front-wheel Drive",20,27,"0","1","0","1","0","1",33997
"100","Audi",2020,16560,3,"1","Petrol","Four-wheel Drive",20,27,"0","1","0","1","0","1",49000
"101","Volvo",2018,23627,2,"1","Petrol","Four-wheel Drive",18,26,"0","1","1","1","0","0",33549
"102","Audi",2022,17710,2,"1","Petrol","Four-wheel Drive",21,28,"0","0","0","1","0","1",43994
"103","Alfa",2018,31650,2,"1","Petrol","Four-wheel Drive",23,31,"0","1","0","1","0","1",26612
"104","Mitsubishi",2019,76055,2,"1","Petrol","Front-wheel Drive",24,29,"0","0","0","1","0","0",16704
"105","Nissan",2018,53679,3.5,"1","Petrol","Four-wheel Drive",26,33,"0","1","1","1","0","0",24999
"106","Mitsubishi",2021,47223,2,"1","Petrol","Four-wheel Drive",25,28,"0","1","0","1","0","1",19209
"107","Volvo",2020,59927,2,"1","Petrol","Four-wheel Drive",21,32,"0","1","1","1","1","0",36998
"108","Audi",2016,27338,3,"1","Petrol","Four-wheel Drive",20,30,"0","1","1","1","0","1",32995
"109","Jeep",2017,59218,3.6,"1","Petrol","Four-wheel Drive",18,25,"0","0","0","0","0","0",32881
"110","Nissan",2018,51147,2.5,"1","Petrol","Front-wheel Drive",19,26,"1","0","0","1","0","0",18500
"111","Audi",2009,111645,2,"1","Petrol","Four-wheel Drive",21,27,"0","0","0","0","0","0",7900
"112","Toyota",2017,62096,3.5,"1","Petrol","Four-wheel Drive",28,29,"1","1","1","1","1","1",32950
"113","Porsche",2016,89649,3.6,"1","Petrol","Four-wheel Drive",19,23,"0","0","1","1","0","1",35292
"114","Cadillac",2012,67000,6.2,"1","Petrol","Rear-wheel Drive",11,16,"1","0","1","1","0","1",29995
"115","Mitsubishi",2012,115184,2,"1","Petrol","Four-wheel Drive",21,25,"0","1","0","1","0","1",9950
"116","Mazda",2019,21253,2.5,"1","Petrol","Four-wheel Drive",24,30,"1","1","0","1","0","1",24786
"117","Hyundai",2020,30613,3.8,"1","Petrol","Four-wheel Drive",28,38,"1","0","1","1","1","0",44998
"118","Mitsubishi",2021,42492,2,"1","Petrol","Four-wheel Drive",17,23,"0","1","0","1","0","1",19399
"119","Mitsubishi",2006,127403,2.4,"1","Petrol","Front-wheel Drive",15,13,"0","0","0","0","0","0",5988
"120","Kia",2016,101649,1.6,"1","Petrol","Front-wheel Drive",18,25,"0","0","0","0","0","0",8491
"121","FIAT",2016,27776,2.4,"1","Petrol","Front-wheel Drive",22,31,"0","1","1","1","0","1",14950
"122","Chevrolet",2013,193067,3.6,"1","Petrol","Front-wheel Drive",17,24,"1","0","0","1","1","0",4900
"123","Chevrolet",2019,22317,1.8,"1","Petrol","Front-wheel Drive",43,49,"0","1","1","1","0","0",25999
"124","Cadillac",2020,7773,2,"1","Petrol","Rear-wheel Drive",22,29,"0","1","1","1","0","0",37995
"125","Honda",2019,92493,1.5,"1","Petrol","Front-wheel Drive",30,38,"0","0","0","1","0","1",24988
"126","Honda",2015,97390,2.4,"1","Petrol","Four-wheel Drive",26,33,"0","0","0","1","0","0",19495
"127","Jaguar",2020,28240,2,"1","Petrol","Four-wheel Drive",30,40,"0","1","1","1","0","0",42755
"128","Mazda",2021,55491,2.5,"1","Petrol","Four-wheel Drive",26,31,"0","1","0","1","0","0",21242
"129","MINI",2013,81150,1.6,"1","Petrol","Front-wheel Drive",26,34,"1","0","0","1","0","0",13995
"130","Hyundai",2017,90975,2.4,"1","Petrol","Front-wheel Drive",57,59,"0","0","0","1","0","1",14577
"131","Nissan",2022,3249,2,"1","Petrol","Four-wheel Drive",12,17,"0","1","0","0","0","0",28297
"132","Nissan",2020,63172,2,"1","Petrol","Front-wheel Drive",20,27,"1","1","0","1","0","0",20910
"133","Volvo",2018,61787,2,"1","Petrol","Four-wheel Drive",17,23,"0","0","1","1","1","1",31990
"134","Lexus",2020,4832,3.5,"1","Petrol","Four-wheel Drive",43,44,"1","1","1","1","0","1",46915
"135","Chevrolet",2022,11626,2,"1","Petrol","Rear-wheel Drive",19,29,"1","1","0","1","0","0",28000
"136","Kia",2020,56358,3.8,"1","Petrol","Four-wheel Drive",27,37,"0","0","0","1","1","0",31777
"137","Alfa",2018,49942,2,"1","Petrol","Four-wheel Drive",24,33,"0","0","0","1","0","1",26795
"138","Volvo",2013,112222,2.5,"1","Petrol","Front-wheel Drive",22,34,"0","0","0","1","0","0",12992
"139","Ford",2023,114,2,"1","Petrol","Front-wheel Drive",13,19,"0","1","0","1","0","0",31990
"140","Volkswagen",2018,71167,2,"1","Petrol","Front-wheel Drive",18,22,"0","0","0","1","0","1",15999
"141","Hyundai",2013,132210,2.4,"1","Petrol","Front-wheel Drive",22,25,"0","0","0","1","0","0",7905
"142","MINI",2019,39536,2,"1","Petrol","Four-wheel Drive",23,33,"0","0","1","1","0","0",27698
"143","Kia",2022,27302,3.8,"1","Petrol","Four-wheel Drive",24,34,"0","1","1","1","1","1",44715
"144","MINI",2018,74697,1.5,"1","Petrol","Four-wheel Drive",25,31,"1","0","0","1","0","0",18881
"145","Kia",2023,3430,3.8,"1","Petrol","Four-wheel Drive",20,26,"0","1","1","1","1","1",48000
"146","Porsche",2015,97133,3.6,"1","Petrol","Four-wheel Drive",18,25,"0","1","1","1","0","1",29971
"147","Land",2018,57178,2,"1","Petrol","Four-wheel Drive",21,25,"0","0","1","1","0","0",25998
"148","Nissan",2013,76654,3.5,"1","Petrol","Four-wheel Drive",30,36,"1","0","0","0","1","0",12749
"149","Volvo",2011,124700,2.5,"1","Petrol","Front-wheel Drive",22,31,"0","0","0","0","0","0",5999
"150","Volkswagen",2018,68665,2,"0","Petrol","Four-wheel Drive",28,36,"0","1","0","1","0","0",18400
"151","Jeep",2017,86677,3.6,"1","Petrol","Four-wheel Drive",17,23,"0","0","1","1","0","1",25551
"152","Nissan",2019,33054,3.5,"1","Petrol","Four-wheel Drive",21,28,"0","1","0","1","0","0",27444
"153","FIAT",2015,75084,1.4,"1","Petrol","Front-wheel Drive",28,34,"1","0","0","1","0","0",11867
"154","Alfa",2019,30667,2,"1","Petrol","Four-wheel Drive",23,31,"0","1","1","1","0","0",23995
"155","Audi",2015,88254,2,"1","Petrol","Four-wheel Drive",23,31,"0","0","0","1","0","0",22442
"156","FIAT",2013,158835,1.4,"1","Petrol","Front-wheel Drive",25,36,"1","0","0","1","0","0",6289
"157","Volvo",2019,62982,2,"1","Petrol","Four-wheel Drive",20,30,"0","1","1","1","1","1",35988
"158","Hyundai",2023,2465,2.5,"1","Petrol","Front-wheel Drive",45,51,"0","1","1","1","0","1",29997
"159","Land",2023,9329,2,"1","Petrol","Four-wheel Drive",21,30,"0","1","1","1","0","1",47999
"160","Kia",2022,14650,3.3,"1","Petrol","Four-wheel Drive",27,31,"0","1","1","1","0","1",47690
"161","Jaguar",2014,85954,5,"1","Petrol","Rear-wheel Drive",20,30,"0","0","1","1","0","0",26995
"162","Jeep",2014,116138,3.6,"0","Petrol","Four-wheel Drive",16,23,"0","0","0","0","0","0",21495
"163","Jaguar",2017,93553,2,"1","Petrol","Rear-wheel Drive",24,34,"1","0","0","1","0","1",15900
"164","MINI",2019,68351,1.5,"1","Petrol","Front-wheel Drive",26,34,"1","0","0","1","0","1",17950
"165","Hyundai",2017,46206,2.4,"1","Petrol","Front-wheel Drive",31,37,"1","0","0","1","0","0",17599
"166","Mitsubishi",2022,13395,2.5,"1","Petrol","Four-wheel Drive",33,41,"0","1","1","1","1","1",31907
"167","Toyota",2012,125263,5.7,"1","Petrol","Four-wheel Drive",13,17,"0","0","1","1","1","1",20825
"168","BMW",2014,21794,2.4,"1","Electric","Rear-wheel Drive",19,27,"0","0","1","1","0","0",15499
"169","Ford",2004,118530,3.8,"1","Petrol","Rear-wheel Drive",20,24,"0","0","0","0","0","0",8200
"170","Porsche",2008,48167,3.4,"0","Petrol","Rear-wheel Drive",19,23,"0","0","0","0","0","0",27750
"171","BMW",2020,23599,2,"1","Petrol","Four-wheel Drive",23,28,"0","0","1","1","0","0",44595
"172","Volvo",2011,76931,2.5,"1","Petrol","Front-wheel Drive",21,32,"0","0","0","1","0","0",10500
"173","Chevrolet",2018,67116,1.5,"1","Petrol","Front-wheel Drive",26,32,"0","0","0","1","0","0",17977
"174","FIAT",2012,118819,1.4,"1","Petrol","Front-wheel Drive",30,38,"0","0","0","1","0","0",6990
"175","Honda",2020,31382,1.8,"1","Petrol","Front-wheel Drive",28,34,"0","1","0","1","0","0",22490
"176","Mazda",2021,46484,2.5,"1","Petrol","Front-wheel Drive",24,31,"0","1","0","1","0","0",23466
"177","FIAT",2016,44199,2.4,"1","Petrol","Front-wheel Drive",22,31,"0","0","1","1","0","0",30998
"178","Cadillac",1976,14068,5.3,"0","Petrol","Rear-wheel Drive",13,13,"0","0","0","0","0","0",24950
"179","Maserati",2018,70161,3,"1","Petrol","Four-wheel Drive",13,21,"0","1","1","1","0","0",40900
"180","Mazda",2010,85597,2,"1","Petrol","Front-wheel Drive",28,31,"1","0","0","0","0","0",6984
"181","Nissan",2018,51520,3.6,"1","Electric","Front-wheel Drive",20,28,"0","0","1","1","0","0",16999
"182","Porsche",2019,44030,2,"1","Petrol","Four-wheel Drive",22,30,"0","1","1","1","0","1",47388
"183","Toyota",2005,222033,4.7,"1","Petrol","Four-wheel Drive",15,18,"1","0","0","1","1","1",10999
"184","Volkswagen",2022,5262,3.8,"1","Electric","Rear-wheel Drive",26,33,"0","1","1","1","0","0",39998
"185","Jaguar",2018,62761,2,"1","Petrol","Rear-wheel Drive",18,23,"0","0","1","1","0","0",23995
"186","MINI",2012,69786,1.6,"0","Petrol","Front-wheel Drive",27,35,"1","0","0","1","0","1",10000
"187","Chevrolet",2011,51585,3.6,"1","Petrol","Rear-wheel Drive",16,21,"1","0","0","1","0","0",16997
"188","Lexus",2020,22314,3.5,"1","Petrol","Four-wheel Drive",28,31,"1","1","0","1","1","0",39900
"189","Mercedes-Benz",2018,40223,3,"1","Petrol","Rear-wheel Drive",19,26,"1","0","1","1","0","1",40000
"190","Mercedes-Benz",2019,30112,3,"1","Petrol","Four-wheel Drive",21,26,"1","0","1","1","0","0",50490
"191","Nissan",2018,72929,5.6,"1","Petrol","Four-wheel Drive",17,26,"0","1","1","1","0","0",37999
"192","Kia",2022,10771,1.6,"1","Hybrid","Four-wheel Drive",35,39,"0","1","1","1","1","0",45999
"193","Honda",2017,54121,1.8,"1","Petrol","Four-wheel Drive",27,31,"0","0","1","1","0","1",20997
"194","Cadillac",2011,84076,4.6,"1","Petrol","Front-wheel Drive",15,21,"1","0","0","1","0","1",10291
"195","Nissan",2020,17747,3.5,"1","Petrol","Four-wheel Drive",23,31,"0","1","0","1","0","0",28495
"196","Volvo",2018,68860,1.6,"1","Petrol","Four-wheel Drive",22,25,"0","1","1","1","0","1",25600
"197","Audi",2020,29459,3,"1","Petrol","Four-wheel Drive",17,21,"0","1","1","1","1","0",50377
"198","Mazda",2023,7940,2.5,"1","Petrol","Front-wheel Drive",16,27,"0","1","0","0","0","0",27492
"199","Toyota",2021,57534,4,"1","Petrol","Four-wheel Drive",16,19,"0","0","0","1","0","0",36861
"200","Chevrolet",2017,89062,5.3,"1","Petrol","Four-wheel Drive",16,22,"0","0","1","1","1","1",34800
"201","Land",2014,106042,2,"1","Petrol","Four-wheel Drive",22,28,"1","0","0","1","0","1",13800
"202","Alfa",2020,26907,2,"1","Petrol","Four-wheel Drive",23,31,"0","1","1","1","0","0",35994
"203","Jeep",2015,56370,3.6,"1","Petrol","Four-wheel Drive",21,30,"0","1","0","1","0","0",27700
"204","Mitsubishi",2020,55746,2,"1","Petrol","Four-wheel Drive",24,30,"0","1","0","1","0","1",14995
"205","Toyota",2018,57150,3.5,"1","Petrol","Four-wheel Drive",18,22,"1","1","1","1","0","0",31886
"206","Porsche",2012,63604,3.6,"1","Petrol","Four-wheel Drive",19,23,"1","0","1","1","0","0",25001
"207","Jaguar",2011,48467,5,"1","Petrol","Rear-wheel Drive",24,34,"0","0","1","1","0","0",14000
"208","Volvo",2022,13942,2,"1","Petrol","Four-wheel Drive",21,32,"0","1","1","1","0","0",40998
"209","Porsche",2019,29199,3,"1","Petrol","Four-wheel Drive",20,26,"1","1","1","1","0","1",50995
"210","Chevrolet",2013,100389,5.3,"1","Petrol","Rear-wheel Drive",13,13,"0","0","1","0","0","0",26995
"211","Porsche",2020,20687,2,"1","Petrol","Four-wheel Drive",18,23,"0","0","1","1","0","1",48995
"212","Nissan",2021,56450,5.6,"1","Petrol","Rear-wheel Drive",19,26,"0","1","1","1","1","1",36606
"213","Nissan",2016,67425,3.5,"1","Petrol","Front-wheel Drive",21,28,"0","0","1","1","0","0",20998
"214","Jaguar",2019,65227,2.4,"1","Petrol","Rear-wheel Drive",15,23,"0","1","0","1","0","0",22990
"215","Cadillac",2022,11248,2,"1","Petrol","Front-wheel Drive",22,31,"0","1","0","1","1","1",45595
"216","FIAT",2019,26377,1.3,"1","Petrol","Four-wheel Drive",24,30,"0","1","0","1","0","0",24611
"217","Lexus",2013,87229,2.5,"1","Petrol","Four-wheel Drive",20,28,"1","0","0","1","0","0",17696
"218","Honda",2020,33862,2,"0","Hybrid","Rear-wheel Drive",28,34,"0","1","0","0","0","0",30000
"219","Volvo",2019,36896,2,"1","Petrol","Four-wheel Drive",22,31,"1","1","0","1","0","1",26976
"220","Jeep",2010,82199,3.8,"1","Petrol","Four-wheel Drive",18,25,"0","0","0","0","0","0",17999
"221","MINI",2010,67000,1.6,"1","Petrol","Front-wheel Drive",24,33,"1","0","0","0","0","0",8995
"222","Mazda",2011,107575,2.3,"0","Petrol","Front-wheel Drive",26,35,"1","0","0","1","0","0",11899
"223","Volkswagen",2022,33360,1.5,"1","Petrol","Front-wheel Drive",16,22,"0","1","0","1","0","0",29998
"224","BMW",2011,93596,3,"0","Petrol","Rear-wheel Drive",20,25,"1","0","0","0","0","0",12840
"225","Land",2018,40601,3,"1","Petrol","Four-wheel Drive",16,21,"0","0","1","1","0","0",40572
"226","Cadillac",2009,125080,4.6,"1","Petrol","Front-wheel Drive",17,24,"1","0","0","1","0","0",9499
"227","Jeep",2023,1001,3.6,"1","Petrol","Four-wheel Drive",23,30,"0","1","0","0","1","0",43049
"228","Mercedes-Benz",2009,82461,3.5,"1","Petrol","Rear-wheel Drive",14,19,"0","0","0","0","0","0",10997
"229","Toyota",2016,39240,3.5,"1","Petrol","Four-wheel Drive",18,24,"0","0","1","1","1","0",29996
"230","Porsche",2019,21548,2,"1","Petrol","Four-wheel Drive",14,21,"1","1","1","1","0","1",48788
"231","Ford",2021,39062,2.7,"1","Petrol","Four-wheel Drive",19,22,"0","0","0","1","0","1",43685
"232","Hyundai",2013,58665,1.8,"0","Petrol","Front-wheel Drive",19,26,"0","0","0","1","0","1",13000
"233","Volvo",2020,47502,2,"1","Petrol","Four-wheel Drive",20,27,"0","1","0","1","0","0",29821
"234","Alfa",2021,14299,2,"1","Petrol","Four-wheel Drive",23,31,"0","1","0","1","0","0",34999
"235","Honda",2023,345,1.5,"1","Petrol","Front-wheel Drive",26,33,"0","1","0","0","0","0",35990
"236","Mitsubishi",2022,9053,2.5,"1","Petrol","Front-wheel Drive",23,29,"0","1","0","1","1","0",27499
"237","Ford",2018,25750,3.5,"1","Petrol","Front-wheel Drive",17,24,"1","1","0","1","1","0",25545
"238","Alfa",2017,64716,2,"1","Petrol","Four-wheel Drive",22,28,"0","0","0","1","0","1",20883
"239","Honda",2019,48688,1.5,"1","Petrol","Front-wheel Drive",30,36,"0","1","0","1","0","0",24499
"240","FIAT",2014,74639,1.4,"0","Petrol","Front-wheel Drive",28,34,"0","0","0","1","0","1",12499
"241","Hyundai",2020,54101,2,"1","Petrol","Front-wheel Drive",21,26,"0","1","0","1","0","1",23408
"242","Volkswagen",2018,1708,1.8,"0","Petrol","Front-wheel Drive",18,24,"0","1","0","1","0","0",21495
"243","Hyundai",2019,36577,2.4,"1","Petrol","Front-wheel Drive",26,33,"0","0","0","1","0","1",23995
"244","Chevrolet",2018,80898,5.3,"1","Petrol","Four-wheel Drive",15,22,"0","0","1","1","1","0",43995
"245","Volkswagen",2021,40835,2.4,"1","Electric","Rear-wheel Drive",18,24,"0","1","1","1","0","0",34995
"246","Audi",2021,45151,3,"1","Petrol","Four-wheel Drive",18,24,"0","0","0","1","0","1",43996
"247","Kia",2022,33628,1.6,"1","Hybrid","Front-wheel Drive",25,29,"1","1","1","1","0","1",33348
"248","Nissan",2021,17806,2.5,"1","Petrol","Four-wheel Drive",31,40,"0","1","0","1","0","0",25280
"249","Maserati",2018,48651,3,"1","Petrol","Rear-wheel Drive",15,25,"1","1","1","1","0","1",28905
"250","Maserati",2015,78041,3,"1","Petrol","Rear-wheel Drive",16,22,"0","0","1","1","0","0",22399
"251","Volvo",2005,95738,2.5,"1","Petrol","Four-wheel Drive",18,26,"0","0","0","0","0","0",8498
"252","BMW",2020,39394,2,"1","Petrol","Four-wheel Drive",21,31,"0","1","1","1","0","1",34359
"253","Jaguar",2013,61754,3,"1","Petrol","Four-wheel Drive",16,24,"0","0","0","1","0","0",15985
"254","Porsche",2005,105639,3.6,"1","Petrol","Rear-wheel Drive",15,18,"0","0","1","1","0","0",29995
"255","Jaguar",2016,47257,5,"1","Petrol","Rear-wheel Drive",72,80,"0","0","1","1","0","1",32375
"256","MINI",2015,53530,1.5,"1","Petrol","Front-wheel Drive",28,37,"1","0","0","1","0","0",14995
"257","MINI",2013,86449,1.6,"0","Petrol","Front-wheel Drive",25,31,"1","0","1","1","0","0",10524
"258","Lexus",2020,29025,2,"1","Petrol","Front-wheel Drive",19,26,"0","1","0","1","0","0",39740
"259","Honda",2021,16344,1.5,"1","Petrol","Front-wheel Drive",31,40,"0","1","0","1","0","1",27300
"260","Jaguar",2021,30321,3.5,"1","Petrol","Four-wheel Drive",18,23,"0","1","1","1","0","1",49998
"261","BMW",2020,23723,2,"1","Petrol","Four-wheel Drive",24,31,"0","1","1","1","0","1",30998
"262","MINI",2019,53665,1.5,"1","Hybrid","Four-wheel Drive",26,32,"0","0","0","1","0","0",25984
"263","Lexus",2019,24637,2,"1","Petrol","Rear-wheel Drive",19,26,"0","1","1","1","0","0",37998
"264","Toyota",2022,17657,4,"1","Petrol","Four-wheel Drive",16,19,"0","1","1","1","0","1",50995
"265","Hyundai",2021,29064,3.8,"1","Petrol","Four-wheel Drive",40,44,"0","1","0","1","1","1",38577
"266","Cadillac",2016,85314,6.2,"1","Petrol","Four-wheel Drive",21,31,"1","0","1","1","1","0",36000
"267","MINI",2015,50585,1.6,"1","Petrol","Front-wheel Drive",24,34,"0","1","0","1","0","0",17950
"268","Mazda",2016,59147,2,"1","Petrol","Front-wheel Drive",20,27,"1","1","0","1","0","0",17998
"269","BMW",2021,52570,2,"1","Petrol","Four-wheel Drive",24,33,"0","0","1","1","0","1",38198
"270","Alfa",2021,9901,2,"1","Petrol","Four-wheel Drive",23,31,"0","1","0","1","0","0",36998
"271","MINI",2023,2596,2,"1","Petrol","Front-wheel Drive",28,33,"0","1","0","1","0","1",35750
"272","Kia",2022,33983,2.5,"1","Petrol","Front-wheel Drive",26,37,"0","1","1","1","1","0",38998
"273","Lexus",2015,116426,3.5,"1","Petrol","Rear-wheel Drive",19,29,"0","0","0","1","0","0",20970
"274","Alfa",2019,63071,2,"1","Petrol","Four-wheel Drive",22,28,"0","1","0","1","0","1",26900
"275","Honda",2020,35793,3.5,"1","Petrol","Four-wheel Drive",19,24,"0","1","0","1","0","1",36982
"276","Mitsubishi",2022,13049,2.5,"1","Petrol","Four-wheel Drive",25,30,"0","1","1","1","1","1",31301
"277","Mitsubishi",2019,82260,2.4,"1","Petrol","Front-wheel Drive",24,30,"1","1","0","1","1","0",18888
"278","Kia",2021,25824,2,"1","Petrol","Front-wheel Drive",17,25,"0","1","0","1","0","0",22998
"279","Cadillac",2023,2998,2,"1","Petrol","Four-wheel Drive",19,26,"0","1","0","0","0","0",49735
"280","Honda",2018,76001,3.5,"1","Petrol","Front-wheel Drive",19,28,"0","0","0","1","1","1",28299
"281","Jaguar",2019,16190,2,"1","Petrol","Four-wheel Drive",16,26,"0","1","1","1","0","1",27800
"282","FIAT",2015,52385,1.4,"1","Petrol","Front-wheel Drive",31,40,"0","0","0","1","0","0",15998
"283","FIAT",2016,36191,1.4,"1","Petrol","Front-wheel Drive",25,33,"1","1","0","1","0","0",15588
"284","Hyundai",2020,61867,1.6,"1","Petrol","Four-wheel Drive",15,23,"0","0","1","1","0","0",21941
"285","Jeep",2021,57798,2.4,"1","Petrol","Four-wheel Drive",17,27,"0","1","0","1","0","1",22490
"286","Honda",2016,71583,2,"0","Petrol","Front-wheel Drive",26,38,"0","0","0","1","0","0",19998
"287","Hyundai",2021,59392,3.8,"1","Petrol","Four-wheel Drive",22,25,"1","1","0","1","1","1",36076
"288","Honda",2018,116667,2,"0","Petrol","Front-wheel Drive",31,40,"0","0","0","1","0","0",15000
"289","Cadillac",2019,27070,3.6,"1","Petrol","Rear-wheel Drive",14,23,"1","0","1","1","0","0",51500
"290","MINI",2020,24285,1.5,"1","Petrol","Front-wheel Drive",23,33,"0","1","0","1","0","0",25795
"291","Chevrolet",2018,94306,2.8,"1","Diesel","Four-wheel Drive",17,24,"0","1","1","1","0","1",28900
"292","Jeep",2012,77888,3.7,"1","Petrol","Four-wheel Drive",17,22,"0","0","0","1","0","0",12995
"293","Maserati",2015,31143,3,"1","Petrol","Rear-wheel Drive",16,23,"1","0","1","1","0","0",32695
"294","Jaguar",2015,84339,3.8,"1","Petrol","Rear-wheel Drive",15,23,"0","0","1","1","0","1",16995
"295","Volkswagen",2020,51527,3.6,"1","Petrol","Four-wheel Drive",26,37,"1","1","1","1","1","1",33977
"296","FIAT",2013,81521,1.4,"0","Petrol","Front-wheel Drive",28,33,"0","1","0","1","0","0",8947
"297","Volkswagen",2021,7765,2,"1","Electric","Rear-wheel Drive",25,32,"0","1","1","1","0","1",34795
"298","Maserati",2004,33651,4.2,"1","Petrol","Rear-wheel Drive",16,24,"0","0","0","0","0","0",18950
"299","Mazda",2017,15173,2,"1","Petrol","Rear-wheel Drive",24,30,"0","0","0","0","0","0",26900
"300","Nissan",2023,3271,3.5,"1","Petrol","Four-wheel Drive",14,19,"0","1","1","0","1","1",41958
"301","Cadillac",2006,96910,3.5,"1","Petrol","Four-wheel Drive",18,25,"1","0","1","0","1","1",9990
"302","FIAT",2012,41272,1.4,"1","Petrol","Front-wheel Drive",30,38,"1","0","0","1","0","0",8495
"303","Mitsubishi",2019,53015,1.5,"0","Petrol","Four-wheel Drive",23,29,"0","1","0","1","0","1",19499
"304","BMW",2020,17127,2,"1","Petrol","Four-wheel Drive",23,33,"0","1","1","1","0","1",32995
"305","Maserati",2011,31393,4.7,"1","Petrol","Rear-wheel Drive",15,25,"0","0","1","1","0","1",21995
"306","Chevrolet",2017,116137,5.3,"1","Petrol","Four-wheel Drive",16,22,"0","1","1","1","1","1",32495
"307","Volvo",2020,35994,2,"1","Petrol","Four-wheel Drive",20,28,"0","1","1","0","0","1",38998
"308","Mazda",2022,8129,2,"1","Electric","Front-wheel Drive",19,23,"0","0","1","0","0","1",26845
"309","Toyota",2021,32500,2.5,"1","Hybrid","Four-wheel Drive",37,40,"1","1","1","1","0","1",39995
"310","MINI",2014,65986,1.6,"0","Petrol","Front-wheel Drive",31,40,"0","1","0","1","0","0",16250
"311","Volkswagen",2019,57758,2,"1","Petrol","Front-wheel Drive",17,23,"0","0","1","1","0","1",26763
"312","MINI",2022,2741,2,"1","Petrol","Four-wheel Drive",26,34,"0","0","0","1","0","1",38996
"313","Toyota",2021,4708,2.5,"1","Petrol","Four-wheel Drive",25,34,"1","1","0","1","0","0",27190
"314","Kia",2017,15975,2,"1","Petrol","Front-wheel Drive",18,25,"0","1","0","1","0","0",13990
"315","Mercedes-Benz",2017,53414,3.5,"1","Petrol","Four-wheel Drive",19,25,"0","0","1","1","0","0",29750
"316","Lexus",2019,35967,4.6,"1","Petrol","Four-wheel Drive",18,25,"0","1","1","1","1","0",50495
"317","Ford",2013,53459,6.2,"1","Petrol","Four-wheel Drive",14,13,"0","0","0","1","0","0",30127
"318","FIAT",2016,34182,1.5,"1","Electric","Front-wheel Drive",23,32,"1","0","1","1","0","0",10998
"319","Mitsubishi",2020,35168,2.4,"1","Petrol","Four-wheel Drive",24,29,"0","0","0","1","1","1",21900
"320","Porsche",2011,57838,3,"0","Hybrid","Four-wheel Drive",19,25,"0","0","1","1","0","1",23000
"321","Cadillac",2016,49144,2,"1","Petrol","Rear-wheel Drive",16,24,"1","0","1","1","0","0",23998
"322","Volvo",2022,3351,2,"1","Electric","Four-wheel Drive",23,31,"0","1","1","1","0","1",49999
"323","Nissan",2012,97531,4,"1","Petrol","Rear-wheel Drive",17,22,"1","1","0","0","0","0",15998
"324","Honda",2020,12406,1.5,"0","Petrol","Front-wheel Drive",26,36,"1","1","0","1","0","1",25750
"325","Hyundai",2017,89603,2.4,"1","Petrol","Four-wheel Drive",23,30,"0","0","0","1","0","0",17261
"326","Volkswagen",2018,35648,2,"1","Petrol","Four-wheel Drive",20,24,"0","1","1","1","0","0",35998
"327","Jaguar",2019,53037,2,"1","Petrol","Four-wheel Drive",22,27,"0","1","0","1","0","0",23985
"328","MINI",2017,93929,2,"0","Petrol","Four-wheel Drive",25,31,"0","1","0","1","0","1",15330
"329","Lexus",2023,3001,3.5,"1","Petrol","Front-wheel Drive",15,20,"0","1","0","0","0","1",50699
"330","Mazda",2000,91447,1.8,"0","Petrol","Rear-wheel Drive",26,35,"1","0","0","0","0","0",7799
"331","Land",2018,16854,3.6,"1","Petrol","Four-wheel Drive",26,31,"1","0","1","1","0","0",52995
"332","Hyundai",2023,3058,2,"1","Hybrid","Front-wheel Drive",17,27,"0","1","1","1","0","1",29497
"333","Mercedes-Benz",2021,21968,2,"1","Petrol","Four-wheel Drive",23,31,"0","1","0","1","0","0",42920
"334","Mitsubishi",2020,25436,1.5,"1","Petrol","Front-wheel Drive",23,28,"1","0","0","1","0","0",21665
"335","MINI",2016,102452,1.6,"1","Petrol","Four-wheel Drive",24,33,"0","0","1","1","0","1",14550
"336","MINI",2009,87940,1.6,"0","Petrol","Front-wheel Drive",27,35,"1","1","0","1","0","1",7850
"337","Audi",2018,45449,3,"1","Petrol","Four-wheel Drive",21,30,"0","0","1","1","0","1",40799
"338","Land",2021,51835,3,"1","Petrol","Four-wheel Drive",17,23,"1","1","1","1","1","1",53500
"339","Nissan",2015,27292,2.5,"1","Petrol","Front-wheel Drive",15,21,"1","0","0","1","0","0",12500
"340","Lexus",2010,154822,4.6,"1","Petrol","Rear-wheel Drive",21,30,"1","0","0","1","0","0",11588
"341","Hyundai",2020,79228,2.4,"1","Petrol","Four-wheel Drive",25,34,"0","1","1","1","0","1",22487
"342","Chevrolet",2019,50838,5.3,"1","Petrol","Four-wheel Drive",15,20,"0","0","0","1","0","0",41999
"343","Volvo",2021,53733,2,"1","Hybrid","Four-wheel Drive",26,31,"0","1","1","1","1","1",45282
"344","Volkswagen",2020,63236,2,"1","Petrol","Front-wheel Drive",19,24,"1","1","1","1","1","1",23500
"345","BMW",2015,54626,2,"1","Petrol","Four-wheel Drive",22,33,"0","1","1","1","0","1",24995
"346","Porsche",2017,60269,3.6,"1","Petrol","Four-wheel Drive",19,23,"1","0","1","1","0","0",41500
"347","Honda",2021,26120,3.5,"1","Petrol","Four-wheel Drive",19,24,"0","1","0","1","0","0",30535
"348","FIAT",2013,92922,1.4,"0","Petrol","Front-wheel Drive",31,40,"0","0","0","1","0","0",9967
"349","Porsche",2011,78389,4.8,"1","Petrol","Four-wheel Drive",20,28,"0","0","1","1","0","1",33993
"350","Honda",2022,8101,1.5,"1","Petrol","Front-wheel Drive",30,37,"0","1","1","1","0","1",29911
"351","Audi",2018,69451,3,"1","Petrol","Four-wheel Drive",19,24,"1","0","0","1","0","1",27495
"352","Volkswagen",2022,27785,3.6,"1","Petrol","Four-wheel Drive",22,31,"0","1","1","1","1","1",45950
"353","Ford",2012,213563,5,"1","GPL","Four-wheel Drive",14,19,"1","0","0","0","0","0",7933
"354","Porsche",2014,10561,3,"1","Hybrid","Rear-wheel Drive",14,21,"0","1","1","1","0","1",42995
"355","Volvo",2019,28780,2,"1","Petrol","Four-wheel Drive",20,31,"0","1","1","1","0","1",37985
"356","Toyota",2022,1588,3.4,"1","Petrol","Four-wheel Drive",17,22,"0","1","1","1","0","0",53595
"357","Alfa",2018,21586,2,"1","Petrol","Four-wheel Drive",24,33,"0","1","0","1","0","1",31952
"358","Alfa",2020,39141,2,"1","Petrol","Four-wheel Drive",13,19,"0","1","0","1","0","1",33406
"359","Hyundai",2012,144730,2.4,"1","Hybrid","Front-wheel Drive",21,26,"0","0","0","1","0","0",6994
"360","Audi",2019,20464,3,"0","Petrol","Four-wheel Drive",19,25,"0","0","1","1","1","1",43900
"361","Maserati",2013,31990,4.7,"1","Petrol","Rear-wheel Drive",15,21,"0","0","1","1","0","1",43991
"362","Volkswagen",2021,24874,3.6,"1","Petrol","Four-wheel Drive",25,33,"0","1","1","1","0","1",43990
"363","Volkswagen",2021,3008,3.6,"1","Petrol","Four-wheel Drive",24,32,"0","1","1","1","1","1",44201
"364","Jaguar",2014,49995,5,"0","Petrol","Rear-wheel Drive",16,24,"0","0","1","1","0","1",41000
"365","Mercedes-Benz",2019,42816,2,"1","Hybrid","Four-wheel Drive",17,25,"1","1","0","1","0","1",29881
"366","Cadillac",2014,58461,6.2,"1","Petrol","Four-wheel Drive",14,19,"0","0","1","1","1","1",33951
"367","FIAT",2013,56775,1.4,"0","Petrol","Front-wheel Drive",28,34,"0","0","0","1","0","0",11899
"368","Jeep",2012,33469,3.6,"1","GPL","Rear-wheel Drive",20,26,"0","1","0","0","0","0",17884
"369","Mazda",2016,89295,2,"1","Petrol","Four-wheel Drive",24,31,"0","0","0","1","0","0",18998
"370","Mercedes-Benz",2015,6322,3,"1","Petrol","Rear-wheel Drive",20,27,"0","1","1","1","0","1",47888
"371","Alfa",2021,25519,2,"1","Petrol","Four-wheel Drive",20,28,"1","1","1","1","0","1",36950
"372","Honda",2021,17111,2,"1","Hybrid","Front-wheel Drive",48,48,"0","0","0","1","0","1",31822
"373","Lexus",2019,63010,3.5,"1","Petrol","Front-wheel Drive",24,33,"1","0","0","1","0","0",30000
"374","Nissan",2022,7775,3.5,"1","Petrol","Four-wheel Drive",17,22,"0","1","1","1","1","1",45794
"375","Mercedes-Benz",2015,62039,3.5,"1","Petrol","Rear-wheel Drive",22,33,"1","0","1","1","0","0",19495
"376","FIAT",2020,18056,1.4,"1","Petrol","Rear-wheel Drive",25,36,"0","1","0","1","0","1",25410
"377","Kia",2021,25481,2.5,"1","Petrol","Four-wheel Drive",28,34,"0","1","0","1","1","1",32949
"378","Kia",2014,40882,3.3,"1","Petrol","Front-wheel Drive",19,24,"0","0","1","1","0","0",16347
"379","Jaguar",2019,70841,2,"1","Petrol","Four-wheel Drive",17,27,"0","0","0","1","0","0",28395
"380","Chevrolet",2017,84767,5.3,"1","Petrol","Rear-wheel Drive",16,23,"0","0","1","1","1","1",34990
"381","Kia",2014,94894,2.4,"1","Petrol","Front-wheel Drive",19,24,"1","0","0","1","0","0",11599
"382","Volkswagen",2021,61438,3.6,"1","Petrol","Front-wheel Drive",16,22,"0","1","0","1","1","1",27699
"383","Porsche",2013,77046,2.7,"1","Petrol","Rear-wheel Drive",18,26,"0","0","0","1","0","0",35263
"384","Jaguar",2020,73333,2,"1","Petrol","Four-wheel Drive",28,34,"1","0","1","1","0","1",26000
"385","Cadillac",2018,28543,3.6,"1","Petrol","Rear-wheel Drive",18,28,"0","1","0","0","0","0",46900
"386","Ford",2015,70601,6.7,"1","Diesel","Four-wheel Drive",14,17,"0","0","0","1","0","0",48981
"387","Lexus",2020,36121,3.5,"1","Hybrid","Four-wheel Drive",21,30,"0","0","1","1","0","0",48988
"388","Volvo",2020,57837,2,"1","Petrol","Four-wheel Drive",22,30,"1","1","1","1","1","1",35295
"389","Kia",2020,65663,3.8,"1","Petrol","Front-wheel Drive",23,34,"0","0","1","1","1","1",31997
"390","Alfa",2017,21962,2.9,"1","Petrol","Rear-wheel Drive",17,24,"0","0","1","1","0","1",39799
"391","Jaguar",2016,56762,3,"0","Petrol","Rear-wheel Drive",20,23,"0","0","1","1","0","1",27850
"392","Mazda",2018,56493,2.5,"1","Petrol","Four-wheel Drive",24,30,"0","0","1","1","1","1",28945
"393","Kia",2022,7842,3.3,"1","Petrol","Four-wheel Drive",19,26,"0","1","1","1","0","1",47645
"394","Land",2016,89006,2,"1","Petrol","Four-wheel Drive",24,31,"0","0","0","1","0","0",16550
"395","Maserati",2017,34590,4.7,"1","Petrol","Rear-wheel Drive",15,25,"0","0","1","1","0","0",47495
"396","Hyundai",2014,84661,2.4,"1","Petrol","Front-wheel Drive",26,29,"0","1","0","1","0","1",15687
"397","FIAT",2016,115036,2.4,"1","Petrol","Front-wheel Drive",22,31,"0","0","0","1","0","0",14599
"398","Lexus",2003,230796,4.3,"1","Petrol","Rear-wheel Drive",19,26,"1","0","0","0","0","0",4285
"399","Mercedes-Benz",2016,89925,2,"0","Petrol","Front-wheel Drive",20,27,"1","0","1","1","0","0",17995
"400","Jeep",2019,31439,2,"1","Petrol","Four-wheel Drive",18,25,"0","1","1","1","0","1",34398
"401","Chevrolet",2019,23917,3.6,"1","Petrol","Front-wheel Drive",18,27,"0","1","1","1","1","1",36106
"402","Chevrolet",2022,24843,2,"1","Petrol","Rear-wheel Drive",19,29,"0","1","0","1","0","0",29598
"403","Alfa",2021,26130,2,"1","Petrol","Four-wheel Drive",22,28,"0","1","0","1","0","1",33819
"404","Porsche",2013,99854,3,"1","Diesel","Four-wheel Drive",18,23,"0","0","0","1","0","0",21000
"405","Ford",2016,132170,2,"1","Petrol","Four-wheel Drive",20,28,"0","0","0","1","0","0",13500
"406","BMW",2021,60377,2,"1","Petrol","Rear-wheel Drive",25,29,"0","1","1","1","0","1",30906
"407","Jaguar",2012,68603,5,"1","Petrol","Rear-wheel Drive",18,28,"0","0","1","1","0","0",12995
"408","FIAT",2018,61526,1.4,"0","Petrol","Rear-wheel Drive",26,35,"0","0","0","1","0","0",18895
"409","Volkswagen",2006,40913,2,"1","Petrol","Front-wheel Drive",21,25,"0","1","0","0","0","0",9995
